Orthogroup	Chlorella_A99	Chlorella_KRBP
OG0000005	PCFQ01000079.1 g1243 [Chlorella sp. A99], PCFQ01000015.1 g2977 [Chlorella sp. A99], PCFQ01000015.1 g2985 [Chlorella sp. A99], PCFQ01000015.1 g3006 [Chlorella sp. A99], PCFQ01000015.1 g2995 [Chlorella sp. A99], PCFQ01000015.1 g3024 [Chlorella sp. A99], PCFQ01000015.1 g3044 [Chlorella sp. A99], PCFQ01000005.1 g820 [Chlorella sp. A99], PCFQ01000005.1 g826 [Chlorella sp. A99], PCFQ01000018.1 g424 [Chlorella sp. A99], PCFQ01000001.1 g977 [Chlorella sp. A99], PCFQ01000015.1 g3014 [Chlorella sp. A99]	QAXK01016321.1_1655-2667
OG0000013	PCFQ01000004.1 g2688 [Chlorella sp. A99], PCFQ01000004.1 g2624 [Chlorella sp. A99]	QAXK01004822.1_8132-10307
OG0000049	PCFQ01000004.1 g2665 [Chlorella sp. A99], PCFQ01000011.1 g2855 [Chlorella sp. A99]	QAXK01004561.1_5673-2644
OG0000059	PCFQ01000004.1 g2590 [Chlorella sp. A99]	QAXK01009817.1_2794-231
OG0000060	PCFQ01000020.1 g943 [Chlorella sp. A99]	QAXK01006650.1_4897-1380
OG0000095	PCFQ01000037.1 g2440 [Chlorella sp. A99], PCFQ01000013.1 g3328 [Chlorella sp. A99]	QAXK01000980.1_6477-3589
OG0000100	PCFQ01000005.1 g864 [Chlorella sp. A99], PCFQ01000011.1 g2746 [Chlorella sp. A99], PCFQ01000011.1 g2762 [Chlorella sp. A99]	QAXK01004495.1_1525-5952
OG0000102	PCFQ01000008.1 g1125 [Chlorella sp. A99], PCFQ01000018.1 g437 [Chlorella sp. A99]	QAXK01002229.1_29280-27595
OG0000106	PCFQ01000013.1 g3273 [Chlorella sp. A99], PCFQ01000013.1 g3272 [Chlorella sp. A99]	QAXK01000521.1_8215-4849
OG0000116	PCFQ01000002.1 g709 [Chlorella sp. A99], PCFQ01000078.1 g2185 [Chlorella sp. A99], PCFQ01000007.1 g1187 [Chlorella sp. A99]	QAXK01010643.1_4647-4102
OG0000126	PCFQ01000005.1 g791 [Chlorella sp. A99]	QAXK01000372.1_2577-4525
OG0000128	PCFQ01000078.1 g2050 [Chlorella sp. A99], PCFQ01000004.1 g2639 [Chlorella sp. A99]	QAXK01009125.1_10140-8059
OG0000137	PCFQ01000018.1 g414 [Chlorella sp. A99]	QAXK01002137.1_9267-10854
OG0000152	PCFQ01000079.1 g1426 [Chlorella sp. A99], PCFQ01000002.1 g643 [Chlorella sp. A99]	QAXK01008299.1_4185-5535
OG0000163	PCFQ01000079.1 g1345 [Chlorella sp. A99]	QAXK01013733.1_9353-8061
OG0000165	PCFQ01000011.1 g2876 [Chlorella sp. A99]	QAXK01004609.1_12369-13533
OG0000175	PCFQ01000037.1 g2399 [Chlorella sp. A99]	QAXK01006319.1_3560-2355
OG0000177	PCFQ01000010.1 g297 [Chlorella sp. A99]	QAXK01000575.1_15675-16655
OG0000187	PCFQ01000001.1 g994 [Chlorella sp. A99], PCFQ01000002.1 g636 [Chlorella sp. A99]	QAXK01014854.1_51-3845
OG0000189	PCFQ01000007.1 g1198 [Chlorella sp. A99]	QAXK01000217.1_14674-15859
OG0000192	PCFQ01000006.1 g3216 [Chlorella sp. A99]	QAXK01001504.1_2221-4972
OG0000199	PCFQ01000058.1 g27 [Chlorella sp. A99]	QAXK01010173.1_3319-5256
OG0000201	PCFQ01000011.1 g2928 [Chlorella sp. A99], PCFQ01000002.1 g657 [Chlorella sp. A99]	QAXK01000736.1_9467-8726
OG0000217	PCFQ01000004.1 g2632 [Chlorella sp. A99], PCFQ01000058.1 g236 [Chlorella sp. A99]	QAXK01003927.1_26651-24094
OG0000222	PCFQ01000082.1 g555 [Chlorella sp. A99]	QAXK01005046.1_1470-3041
OG0000225	PCFQ01000079.1 g1314 [Chlorella sp. A99], PCFQ01000011.1 g2764 [Chlorella sp. A99]	QAXK01000132.1_14211-8944
OG0000234	PCFQ01000011.1 g2744 [Chlorella sp. A99]	QAXK01001703.1_3693-800
OG0000234	PCFQ01000013.1 g3308 [Chlorella sp. A99]	QAXK01001715.1_46567-44103
OG0000243	PCFQ01000079.1 g1256 [Chlorella sp. A99], PCFQ01000041.1 g946 [Chlorella sp. A99], PCFQ01000011.1 g2774 [Chlorella sp. A99]	QAXK01017572.1_4284-1659
OG0000255	PCFQ01000011.1 g2834 [Chlorella sp. A99], PCFQ01000079.1 g1346 [Chlorella sp. A99]	QAXK01003493.1_20875-19869
OG0000260	PCFQ01000007.1 g1216 [Chlorella sp. A99]	QAXK01007811.1_6343-7669
OG0000262	PCFQ01000009.1 g1669 [Chlorella sp. A99]	QAXK01001305.1_3092-9737
OG0000268	PCFQ01000023.1 g2239 [Chlorella sp. A99], PCFQ01000010.1 g340 [Chlorella sp. A99]	QAXK01007959.1_4344-7510
OG0000269	PCFQ01000008.1 g1105 [Chlorella sp. A99]	QAXK01000159.1_2526-4128
OG0000276	PCFQ01000006.1 g3220 [Chlorella sp. A99]	QAXK01013106.1_2869-3857
OG0000293	PCFQ01000078.1 g2170 [Chlorella sp. A99]	QAXK01000427.1_18710-23853
OG0000297	PCFQ01000004.1 g2670 [Chlorella sp. A99]	QAXK01003382.1_7730-10683
OG0000299	PCFQ01000058.1 g145 [Chlorella sp. A99]	QAXK01000488.1_8485-5165
OG0000300	PCFQ01000015.1 g2975 [Chlorella sp. A99]	QAXK01000495.1_4618-6885
OG0000301	PCFQ01000006.1 g3119 [Chlorella sp. A99], PCFQ01000080.1 g1949 [Chlorella sp. A99]	QAXK01005324.1_4296-8149
OG0000302	PCFQ01000079.1 g1392 [Chlorella sp. A99], PCFQ01000011.1 g2902 [Chlorella sp. A99]	QAXK01009146.1_0-3841
OG0000304	PCFQ01000078.1 g2208 [Chlorella sp. A99]	QAXK01014492.1_877-182
OG0000315	PCFQ01000010.1 g350 [Chlorella sp. A99], PCFQ01000079.1 g1446 [Chlorella sp. A99]	QAXK01002353.1_19232-23410
OG0000316	PCFQ01000004.1 g2607 [Chlorella sp. A99], PCFQ01000004.1 g2667 [Chlorella sp. A99]	QAXK01003905.1_19782-15375
OG0000317	PCFQ01000079.1 g1381 [Chlorella sp. A99], PCFQ01000082.1 g500 [Chlorella sp. A99]	QAXK01008437.1_3645-238
OG0000320	PCFQ01000010.1 g347 [Chlorella sp. A99]	QAXK01008510.1_15994-20405
OG0000321	PCFQ01000082.1 g526 [Chlorella sp. A99]	QAXK01000378.1_25585-26545
OG0000340	PCFQ01000001.1 g949 [Chlorella sp. A99], PCFQ01000011.1 g2832 [Chlorella sp. A99]	QAXK01005276.1_5688-3058
OG0000353	PCFQ01000009.1 g1678 [Chlorella sp. A99]	QAXK01000970.1_11060-12297
OG0000355	PCFQ01000079.1 g1376 [Chlorella sp. A99]	QAXK01000575.1_38061-33279
OG0000356	PCFQ01000011.1 g2804 [Chlorella sp. A99], PCFQ01000011.1 g2866 [Chlorella sp. A99]	QAXK01001458.1_25468-28021
OG0000362	PCFQ01000081.1 g1541 [Chlorella sp. A99]	QAXK01002504.1_1584-235
OG0000372	PCFQ01000006.1 g3160 [Chlorella sp. A99]	QAXK01000007.1_3483-1851
OG0000374	PCFQ01000037.1 g2375 [Chlorella sp. A99]	QAXK01001576.1_25385-29462
OG0000375	PCFQ01000058.1 g203 [Chlorella sp. A99], PCFQ01000046.1 g1848 [Chlorella sp. A99]	QAXK01008707.1_239-2925
OG0000383	PCFQ01000078.1 g2042 [Chlorella sp. A99], PCFQ01000058.1 g106 [Chlorella sp. A99], PCFQ01000013.1 g3369 [Chlorella sp. A99]	QAXK01011194.1_5918-9002
OG0000390	PCFQ01000002.1 g658 [Chlorella sp. A99]	QAXK01005078.1_1174-132
OG0000390	PCFQ01000002.1 g682 [Chlorella sp. A99]	QAXK01003294.1_6337-3495
OG0000394	PCFQ01000018.1 g451 [Chlorella sp. A99]	QAXK01008702.1_3083-212
OG0000408	PCFQ01000011.1 g2861 [Chlorella sp. A99], PCFQ01000006.1 g3155 [Chlorella sp. A99]	QAXK01003094.1_1529-6518
OG0000418	PCFQ01000004.1 g2655 [Chlorella sp. A99], PCFQ01000011.1 g2791 [Chlorella sp. A99]	QAXK01005097.1_6985-2749
OG0000443	PCFQ01000079.1 g1523 [Chlorella sp. A99]	QAXK01002390.1_2379-454
OG0000449	PCFQ01000058.1 g223 [Chlorella sp. A99]	QAXK01017753.1_1728-436
OG0000452	PCFQ01000006.1 g3131 [Chlorella sp. A99]	QAXK01003135.1_2479-16
OG0000455	PCFQ01000058.1 g275 [Chlorella sp. A99]	QAXK01015054.1_2845-4309
OG0000468	PCFQ01000078.1 g2091 [Chlorella sp. A99], PCFQ01000058.1 g139 [Chlorella sp. A99]	QAXK01006097.1_2371-905
OG0000470	PCFQ01000018.1 g485 [Chlorella sp. A99]	QAXK01000050.1_24428-29981
OG0000471	PCFQ01000015.1 g2946 [Chlorella sp. A99]	QAXK01001670.1_7180-6388
OG0000499	PCFQ01000008.1 g1133 [Chlorella sp. A99]	QAXK01009964.1_53-2582
OG0000501	PCFQ01000015.1 g3047 [Chlorella sp. A99]	QAXK01015180.1_1811-4048
OG0000501	PCFQ01000015.1 g3045 [Chlorella sp. A99]	QAXK01019765.1_356-165
OG0000506	PCFQ01000037.1 g2378 [Chlorella sp. A99]	QAXK01002250.1_1739-4040
OG0000512	PCFQ01000079.1 g1407 [Chlorella sp. A99]	QAXK01000565.1_7520-10250
OG0000517	PCFQ01000081.1 g1559 [Chlorella sp. A99]	QAXK01001595.1_3107-7081
OG0000520	PCFQ01000013.1 g3290 [Chlorella sp. A99]	QAXK01002274.1_7306-5678
OG0000522	PCFQ01000079.1 g1255 [Chlorella sp. A99], PCFQ01000079.1 g1278 [Chlorella sp. A99]	QAXK01010222.1_2855-4006
OG0000535	PCFQ01000078.1 g2196 [Chlorella sp. A99], PCFQ01000078.1 g2084 [Chlorella sp. A99]	QAXK01008326.1_3715-2230
OG0000542	PCFQ01000007.1 g1223 [Chlorella sp. A99]	QAXK01007731.1_21245-25168
OG0000546	PCFQ01000002.1 g702 [Chlorella sp. A99]	QAXK01003383.1_11610-10089
OG0000552	PCFQ01000079.1 g1487 [Chlorella sp. A99], PCFQ01000020.1 g903 [Chlorella sp. A99]	QAXK01001452.1_4877-8338
OG0000565	PCFQ01000082.1 g559 [Chlorella sp. A99]	QAXK01012018.1_21-2846
OG0000572	PCFQ01000015.1 g2973 [Chlorella sp. A99]	QAXK01002353.1_6519-15187
OG0000573	PCFQ01000079.1 g1402 [Chlorella sp. A99]	QAXK01003348.1_1486-6
OG0000577	PCFQ01000011.1 g2781 [Chlorella sp. A99]	QAXK01003132.1_5372-2862
OG0000585	PCFQ01000012.1 g1828 [Chlorella sp. A99]	QAXK01002652.1_31218-33264
OG0000586	PCFQ01000078.1 g2106 [Chlorella sp. A99]	QAXK01001200.1_17606-19818
OG0000594	PCFQ01000081.1 g1563 [Chlorella sp. A99]	QAXK01013585.1_2213-468
OG0000595	PCFQ01000078.1 g2178 [Chlorella sp. A99]	QAXK01010664.1_1473-417
OG0000611	PCFQ01000015.1 g3046 [Chlorella sp. A99]	QAXK01011586.1_4054-3461
OG0000618	PCFQ01000037.1 g2393 [Chlorella sp. A99]	QAXK01000835.1_1-309
OG0000635	PCFQ01000008.1 g1104 [Chlorella sp. A99], PCFQ01000022.1 g2332 [Chlorella sp. A99]	QAXK01004870.1_4878-5513
OG0000637	PCFQ01000001.1 g952 [Chlorella sp. A99]	QAXK01001575.1_13855-13334
OG0000638	PCFQ01000011.1 g2775 [Chlorella sp. A99]	QAXK01010124.1_10448-8669
OG0000649	PCFQ01000078.1 g2215 [Chlorella sp. A99]	QAXK01000254.1_6101-3555
OG0000653	PCFQ01000037.1 g2490 [Chlorella sp. A99]	QAXK01000123.1_7289-10291
OG0000654	PCFQ01000058.1 g112 [Chlorella sp. A99]	QAXK01000799.1_92299-89512
OG0000661	PCFQ01000079.1 g1400 [Chlorella sp. A99]	QAXK01004242.1_3727-7707
OG0000664	PCFQ01000006.1 g3234 [Chlorella sp. A99]	QAXK01015723.1_3192-4172
OG0000671	PCFQ01000004.1 g2702 [Chlorella sp. A99]	QAXK01001535.1_15806-14316
OG0000676	PCFQ01000004.1 g2709 [Chlorella sp. A99]	QAXK01015338.1_519-166
OG0000678	PCFQ01000010.1 g323 [Chlorella sp. A99]	QAXK01001500.1_1992-2978
OG0000679	PCFQ01000010.1 g303 [Chlorella sp. A99]	QAXK01006881.1_8512-9541
OG0000688	PCFQ01000008.1 g1160 [Chlorella sp. A99]	QAXK01003305.1_27047-24211
OG0000689	PCFQ01000018.1 g400 [Chlorella sp. A99]	QAXK01001638.1_16082-13313
OG0000694	PCFQ01000006.1 g3141 [Chlorella sp. A99]	QAXK01012986.1_3546-2582
OG0000697	PCFQ01000037.1 g2398 [Chlorella sp. A99]	QAXK01000899.1_15443-14285
OG0000730	PCFQ01000037.1 g2422 [Chlorella sp. A99], PCFQ01000037.1 g2421 [Chlorella sp. A99]	QAXK01001551.1_59690-63747
OG0000734	PCFQ01000003.1 g1082 [Chlorella sp. A99], PCFQ01000003.1 g1081 [Chlorella sp. A99]	QAXK01007307.1_6962-7960
OG0000747	PCFQ01000013.1 g3352 [Chlorella sp. A99]	QAXK01006607.1_16309-17535
OG0000753	PCFQ01000023.1 g2230 [Chlorella sp. A99]	QAXK01001647.1_3154-482
OG0000770	PCFQ01000009.1 g1725 [Chlorella sp. A99]	QAXK01003607.1_11324-13747
OG0000774	PCFQ01000005.1 g761 [Chlorella sp. A99]	QAXK01004825.1_8965-10753
OG0000777	PCFQ01000079.1 g1465 [Chlorella sp. A99]	QAXK01002948.1_4354-3157
OG0000778	PCFQ01000078.1 g2222 [Chlorella sp. A99]	QAXK01014006.1_1593-3302
OG0000784	PCFQ01000015.1 g3059 [Chlorella sp. A99], PCFQ01000015.1 g3064 [Chlorella sp. A99]	QAXK01014689.1_5406-4708
OG0000786	PCFQ01000038.1 g487 [Chlorella sp. A99]	QAXK01006828.1_9411-7696
OG0000788	PCFQ01000082.1 g627 [Chlorella sp. A99]	QAXK01010339.1_3422-4517
OG0000793	PCFQ01000011.1 g2797 [Chlorella sp. A99]	QAXK01000249.1_22218-16975
OG0000818	PCFQ01000015.1 g2933 [Chlorella sp. A99]	QAXK01008587.1_153-1989
OG0000827	PCFQ01000037.1 g2479 [Chlorella sp. A99]	QAXK01003364.1_14418-18303
OG0000830	PCFQ01000001.1 g989 [Chlorella sp. A99]	QAXK01013271.1_12309-15183
OG0000838	PCFQ01000078.1 g2094 [Chlorella sp. A99]	QAXK01003718.1_1305-2104
OG0000856	PCFQ01000004.1 g2683 [Chlorella sp. A99]	QAXK01018212.1_1235-2568
OG0000882	PCFQ01000079.1 g1306 [Chlorella sp. A99]	QAXK01006249.1_4939-7634
OG0000890	PCFQ01000007.1 g1208 [Chlorella sp. A99]	QAXK01001134.1_10091-19430
OG0000898	PCFQ01000015.1 g2951 [Chlorella sp. A99]	QAXK01003876.1_5991-120
OG0000899	PCFQ01000006.1 g3223 [Chlorella sp. A99]	QAXK01013989.1_346-4178
OG0000908	PCFQ01000026.1 g2296 [Chlorella sp. A99]	QAXK01003972.1_3812-4471
OG0000925	PCFQ01000007.1 g1200 [Chlorella sp. A99]	QAXK01005294.1_1798-325
OG0000926	PCFQ01000002.1 g725 [Chlorella sp. A99]	QAXK01006171.1_11343-179
OG0000934	PCFQ01000079.1 g1410 [Chlorella sp. A99]	QAXK01002301.1_12772-10269
OG0000936	PCFQ01000007.1 g1222 [Chlorella sp. A99]	QAXK01016824.1_8642-5783
OG0000942	PCFQ01000058.1 g16 [Chlorella sp. A99]	QAXK01000587.1_67122-65127
OG0000950	PCFQ01000011.1 g2921 [Chlorella sp. A99]	QAXK01002497.1_4221-184
OG0000953	PCFQ01000006.1 g3154 [Chlorella sp. A99]	QAXK01003575.1_2283-197
OG0000972	PCFQ01000010.1 g345 [Chlorella sp. A99], PCFQ01000006.1 g3121 [Chlorella sp. A99], PCFQ01000025.1 g2562 [Chlorella sp. A99]	QAXK01000705.1_20067-23668
OG0000974	PCFQ01000010.1 g320 [Chlorella sp. A99]	QAXK01004234.1_3012-6646
OG0000975	PCFQ01000020.1 g928 [Chlorella sp. A99]	QAXK01000204.1_17480-21863
OG0000993	PCFQ01000082.1 g514 [Chlorella sp. A99]	QAXK01000283.1_5726-3204
OG0001054	PCFQ01000015.1 g3092 [Chlorella sp. A99]	QAXK01011306.1_4473-2613
OG0001058	PCFQ01000058.1 g155 [Chlorella sp. A99]	QAXK01006232.1_3779-3289
OG0001060	PCFQ01000079.1 g1338 [Chlorella sp. A99]	QAXK01001037.1_5070-1976
OG0001061	PCFQ01000010.1 g381 [Chlorella sp. A99]	QAXK01005753.1_2076-3799
OG0001062	PCFQ01000079.1 g1347 [Chlorella sp. A99]	QAXK01000341.1_1318-5933
OG0001064	PCFQ01000079.1 g1341 [Chlorella sp. A99]	QAXK01004812.1_12403-13506
OG0001072	PCFQ01000037.1 g2441 [Chlorella sp. A99]	QAXK01000429.1_50912-41458
OG0001074	PCFQ01000007.1 g1240 [Chlorella sp. A99]	QAXK01000217.1_8076-10531
OG0001079	PCFQ01000037.1 g2340 [Chlorella sp. A99]	QAXK01000446.1_57156-52957
OG0001082	PCFQ01000013.1 g3320 [Chlorella sp. A99]	QAXK01005854.1_4720-5401
OG0001088	PCFQ01000007.1 g1233 [Chlorella sp. A99]	QAXK01002175.1_7346-5749
OG0001094	PCFQ01000004.1 g2620 [Chlorella sp. A99]	QAXK01001089.1_6956-8023
OG0001095	PCFQ01000007.1 g1237 [Chlorella sp. A99]	QAXK01000217.1_13973-11099
OG0001096	PCFQ01000013.1 g3345 [Chlorella sp. A99]	QAXK01005613.1_12658-11106
OG0001099	PCFQ01000079.1 g1383 [Chlorella sp. A99]	QAXK01001823.1_3618-2631
OG0001103	PCFQ01000078.1 g2027 [Chlorella sp. A99]	QAXK01003163.1_8178-11099
OG0001120	PCFQ01000037.1 g2459 [Chlorella sp. A99]	QAXK01002607.1_494-808
OG0001122	PCFQ01000081.1 g1552 [Chlorella sp. A99]	QAXK01010311.1_2932-555
OG0001123	PCFQ01000013.1 g3284 [Chlorella sp. A99]	QAXK01007750.1_2281-4745
OG0001133	PCFQ01000011.1 g2837 [Chlorella sp. A99]	QAXK01006196.1_4390-1589
OG0001143	PCFQ01000013.1 g3363 [Chlorella sp. A99]	QAXK01003700.1_2979-9653
OG0001144	PCFQ01000010.1 g379 [Chlorella sp. A99]	QAXK01003900.1_2413-4929
OG0001154	PCFQ01000058.1 g234 [Chlorella sp. A99]	QAXK01011150.1_3959-2216
OG0001156	PCFQ01000003.1 g1077 [Chlorella sp. A99]	QAXK01018601.1_3296-410
OG0001176	PCFQ01000015.1 g2954 [Chlorella sp. A99]	QAXK01004323.1_8147-5874
OG0001180	PCFQ01000020.1 g944 [Chlorella sp. A99]	QAXK01019295.1_3574-2070
OG0001194	PCFQ01000081.1 g1542 [Chlorella sp. A99]	QAXK01001649.1_8862-4505
OG0001201	PCFQ01000079.1 g1388 [Chlorella sp. A99]	QAXK01000596.1_10252-6748
OG0001208	PCFQ01000077.1 g1740 [Chlorella sp. A99]	QAXK01012769.1_10100-9091
OG0001212	PCFQ01000005.1 g817 [Chlorella sp. A99]	QAXK01005236.1_15612-13478
OG0001214	PCFQ01000005.1 g834 [Chlorella sp. A99]	QAXK01012739.1_10679-8642
OG0001216	PCFQ01000075.1 g1911 [Chlorella sp. A99]	QAXK01001490.1_17280-15927
OG0001219	PCFQ01000018.1 g486 [Chlorella sp. A99]	QAXK01008035.1_3747-6912
OG0001221	PCFQ01000006.1 g3137 [Chlorella sp. A99]	QAXK01001061.1_17190-18239
OG0001223	PCFQ01000082.1 g502 [Chlorella sp. A99]	QAXK01005846.1_3896-588
OG0001225	PCFQ01000015.1 g2947 [Chlorella sp. A99]	QAXK01000732.1_2978-2655
OG0001229	PCFQ01000082.1 g543 [Chlorella sp. A99]	QAXK01016063.1_5569-3270
OG0001236	PCFQ01000006.1 g3244 [Chlorella sp. A99]	QAXK01000513.1_15183-11736
OG0001242	PCFQ01000058.1 g41 [Chlorella sp. A99]	QAXK01004645.1_1487-5075
OG0001246	PCFQ01000073.1 g1974 [Chlorella sp. A99]	QAXK01010639.1_8900-15142
OG0001248	PCFQ01000082.1 g558 [Chlorella sp. A99]	QAXK01010718.1_75-1989
OG0001264	PCFQ01000009.1 g1705 [Chlorella sp. A99]	QAXK01001653.1_329-2259
OG0001307	PCFQ01000015.1 g3080 [Chlorella sp. A99]	QAXK01005917.1_319-7230
OG0001309	PCFQ01000002.1 g669 [Chlorella sp. A99]	QAXK01004533.1_5070-10667
OG0001310	PCFQ01000015.1 g3078 [Chlorella sp. A99]	QAXK01002895.1_5020-6663
OG0001311	PCFQ01000013.1 g3364 [Chlorella sp. A99]	QAXK01001613.1_2521-6885
OG0001312	PCFQ01000046.1 g1875 [Chlorella sp. A99]	QAXK01003510.1_1900-3653
OG0001313	PCFQ01000079.1 g1297 [Chlorella sp. A99]	QAXK01001184.1_9548-5781
OG0001316	PCFQ01000079.1 g1335 [Chlorella sp. A99]	QAXK01006921.1_16832-14836
OG0001317	PCFQ01000010.1 g376 [Chlorella sp. A99]	QAXK01010058.1_4279-1636
OG0001318	PCFQ01000020.1 g886 [Chlorella sp. A99]	QAXK01001801.1_7866-9916
OG0001320	PCFQ01000079.1 g1342 [Chlorella sp. A99]	QAXK01000167.1_14384-11911
OG0001328	PCFQ01000079.1 g1479 [Chlorella sp. A99]	QAXK01006882.1_17133-19836
OG0001332	PCFQ01000037.1 g2379 [Chlorella sp. A99]	QAXK01004338.1_10706-15436
OG0001338	PCFQ01000005.1 g801 [Chlorella sp. A99]	QAXK01002293.1_4021-8056
OG0001342	PCFQ01000015.1 g2950 [Chlorella sp. A99]	QAXK01003268.1_11937-16935
OG0001343	PCFQ01000004.1 g2654 [Chlorella sp. A99]	QAXK01000799.1_6873-2057
OG0001353	PCFQ01000001.1 g973 [Chlorella sp. A99]	QAXK01011632.1_4873-7912
OG0001356	PCFQ01000018.1 g405 [Chlorella sp. A99]	QAXK01003307.1_27135-26267
OG0001360	PCFQ01000004.1 g2671 [Chlorella sp. A99]	QAXK01001741.1_6153-8648
OG0001363	PCFQ01000015.1 g3070 [Chlorella sp. A99]	QAXK01003747.1_13973-10331
OG0001370	PCFQ01000011.1 g2761 [Chlorella sp. A99]	QAXK01000381.1_4423-6771
OG0001374	PCFQ01000011.1 g2755 [Chlorella sp. A99]	QAXK01013224.1_5335-6988
OG0001375	PCFQ01000081.1 g1561 [Chlorella sp. A99]	QAXK01005120.1_8361-10056
OG0001376	PCFQ01000013.1 g3373 [Chlorella sp. A99]	QAXK01019935.1_413-1820
OG0001381	PCFQ01000075.1 g1922 [Chlorella sp. A99]	QAXK01000172.1_6135-2748
OG0001382	PCFQ01000008.1 g1153 [Chlorella sp. A99]	QAXK01001066.1_8917-1138
OG0001383	PCFQ01000079.1 g1304 [Chlorella sp. A99]	QAXK01003326.1_3639-1243
OG0001385	PCFQ01000058.1 g95 [Chlorella sp. A99]	QAXK01005279.1_10173-5871
OG0001393	PCFQ01000001.1 g953 [Chlorella sp. A99]	QAXK01005917.1_17047-13738
OG0001397	PCFQ01000078.1 g1991 [Chlorella sp. A99]	QAXK01000502.1_39339-43298
OG0001398	PCFQ01000037.1 g2407 [Chlorella sp. A99]	QAXK01003277.1_3770-8
OG0001400	PCFQ01000078.1 g2177 [Chlorella sp. A99]	QAXK01001993.1_28544-29840
OG0001406	PCFQ01000011.1 g2843 [Chlorella sp. A99]	QAXK01000595.1_2983-1676
OG0001408	PCFQ01000010.1 g389 [Chlorella sp. A99]	QAXK01000367.1_8675-18356
OG0001417	PCFQ01000019.1 g1795 [Chlorella sp. A99]	QAXK01005381.1_315-2273
OG0001420	PCFQ01000018.1 g428 [Chlorella sp. A99]	QAXK01000297.1_21777-22493
OG0001424	PCFQ01000019.1 g1796 [Chlorella sp. A99]	QAXK01001628.1_9434-11057
OG0001425	PCFQ01000019.1 g1818 [Chlorella sp. A99]	QAXK01003581.1_2363-4183
OG0001426	PCFQ01000079.1 g1267 [Chlorella sp. A99]	QAXK01005880.1_1-9276
OG0001428	PCFQ01000078.1 g2168 [Chlorella sp. A99]	QAXK01000837.1_14096-17956
OG0001445	PCFQ01000003.1 g1049 [Chlorella sp. A99]	QAXK01000732.1_11950-7418
OG0001455	PCFQ01000015.1 g2968 [Chlorella sp. A99]	QAXK01001576.1_5934-8651
OG0001456	PCFQ01000001.1 g1016 [Chlorella sp. A99]	QAXK01006785.1_1906-1226
OG0001460	PCFQ01000015.1 g2966 [Chlorella sp. A99]	QAXK01015424.1_3358-1233
OG0001465	PCFQ01000005.1 g771 [Chlorella sp. A99]	QAXK01006322.1_7890-11183
OG0001473	PCFQ01000079.1 g1246 [Chlorella sp. A99]	QAXK01003650.1_4575-2929
OG0001476	PCFQ01000058.1 g241 [Chlorella sp. A99]	QAXK01001134.1_7136-9582
OG0001482	PCFQ01000009.1 g1698 [Chlorella sp. A99]	QAXK01000159.1_14204-11398
OG0001488	PCFQ01000007.1 g1209 [Chlorella sp. A99]	QAXK01004286.1_7784-2904
OG0001492	PCFQ01000009.1 g1687 [Chlorella sp. A99]	QAXK01003809.1_2040-4733
OG0001493	PCFQ01000058.1 g282 [Chlorella sp. A99], PCFQ01000017.1 g2284 [Chlorella sp. A99]	QAXK01001201.1_5367-10319
OG0001503	PCFQ01000079.1 g1455 [Chlorella sp. A99]	QAXK01001163.1_27767-28960
OG0001506	PCFQ01000017.1 g2285 [Chlorella sp. A99], PCFQ01000007.1 g1234 [Chlorella sp. A99]	QAXK01000137.1_3425-4331
OG0001508	PCFQ01000007.1 g1183 [Chlorella sp. A99]	QAXK01001982.1_904-3015
OG0001514	PCFQ01000010.1 g324 [Chlorella sp. A99]	QAXK01003231.1_16625-14068
OG0001526	PCFQ01000017.1 g2275 [Chlorella sp. A99], PCFQ01000082.1 g545 [Chlorella sp. A99]	QAXK01019948.1_5388-2969
OG0001527	PCFQ01000077.1 g1762 [Chlorella sp. A99]	QAXK01013863.1_4654-1867
OG0001528	PCFQ01000008.1 g1168 [Chlorella sp. A99]	QAXK01000325.1_37384-41123
OG0001529	PCFQ01000004.1 g2668 [Chlorella sp. A99]	QAXK01004092.1_4427-5291
OG0001533	PCFQ01000079.1 g1273 [Chlorella sp. A99]	QAXK01000265.1_17007-12444
OG0001534	PCFQ01000073.1 g1967 [Chlorella sp. A99]	QAXK01000695.1_5671-2183
OG0001542	PCFQ01000005.1 g833 [Chlorella sp. A99]	QAXK01011884.1_2510-4036
OG0001545	PCFQ01000008.1 g1162 [Chlorella sp. A99]	QAXK01000350.1_22889-27018
OG0001549	PCFQ01000018.1 g473 [Chlorella sp. A99]	QAXK01005406.1_4717-2509
OG0001550	PCFQ01000018.1 g420 [Chlorella sp. A99]	QAXK01004537.1_7009-1449
OG0001554	PCFQ01000078.1 g2087 [Chlorella sp. A99]	QAXK01001638.1_7681-11612
OG0001561	PCFQ01000082.1 g552 [Chlorella sp. A99]	QAXK01003228.1_3995-6597
OG0001562	PCFQ01000078.1 g2082 [Chlorella sp. A99]	QAXK01000869.1_5647-9196
OG0001571	PCFQ01000082.1 g547 [Chlorella sp. A99]	QAXK01005898.1_15715-20620
OG0001575	PCFQ01000004.1 g2636 [Chlorella sp. A99]	QAXK01006456.1_5116-6698
OG0001576	PCFQ01000018.1 g482 [Chlorella sp. A99]	QAXK01003511.1_8584-2188
OG0001579	PCFQ01000013.1 g3330 [Chlorella sp. A99]	QAXK01000149.1_3007-205
OG0001581	PCFQ01000058.1 g264 [Chlorella sp. A99]	QAXK01003468.1_8146-4525
OG0001582	PCFQ01000058.1 g78 [Chlorella sp. A99]	QAXK01003110.1_3669-4960
OG0001592	PCFQ01000058.1 g44 [Chlorella sp. A99]	QAXK01004995.1_4321-153
OG0001595	PCFQ01000023.1 g2238 [Chlorella sp. A99]	QAXK01003821.1_4511-8191
OG0001599	PCFQ01000073.1 g1981 [Chlorella sp. A99]	QAXK01001163.1_31234-32344
OG0001602	PCFQ01000058.1 g92 [Chlorella sp. A99]	QAXK01009112.1_2932-1649
OG0001606	PCFQ01000082.1 g532 [Chlorella sp. A99]	QAXK01001551.1_37852-43451
OG0001618	PCFQ01000037.1 g2362 [Chlorella sp. A99]	QAXK01003579.1_4454-5700
OG0001620	PCFQ01000011.1 g2820 [Chlorella sp. A99]	QAXK01004906.1_4885-7564
OG0001666	PCFQ01000011.1 g2735 [Chlorella sp. A99]	QAXK01000648.1_7716-3949
OG0001670	PCFQ01000046.1 g1874 [Chlorella sp. A99]	QAXK01001801.1_20671-18627
OG0001676	PCFQ01000082.1 g582 [Chlorella sp. A99]	QAXK01000084.1_15952-9180
OG0001677	PCFQ01000078.1 g2165 [Chlorella sp. A99]	QAXK01006154.1_7199-4782
OG0001679	PCFQ01000079.1 g1339 [Chlorella sp. A99]	QAXK01005586.1_4660-3715
OG0001681	PCFQ01000014.1 g1899 [Chlorella sp. A99]	QAXK01003694.1_10054-1111
OG0001684	PCFQ01000082.1 g589 [Chlorella sp. A99]	QAXK01001160.1_46203-44172
OG0001686	PCFQ01000079.1 g1275 [Chlorella sp. A99]	QAXK01001518.1_29154-38461
OG0001687	PCFQ01000010.1 g385 [Chlorella sp. A99]	QAXK01011350.1_4968-4302
OG0001689	PCFQ01000015.1 g3030 [Chlorella sp. A99]	QAXK01000325.1_49285-50693
OG0001694	PCFQ01000010.1 g374 [Chlorella sp. A99]	QAXK01004860.1_550-2257
OG0001698	PCFQ01000075.1 g1941 [Chlorella sp. A99]	QAXK01011739.1_15998-17366
OG0001700	PCFQ01000009.1 g1727 [Chlorella sp. A99]	QAXK01001944.1_5351-7976
OG0001702	PCFQ01000007.1 g1226 [Chlorella sp. A99]	QAXK01000864.1_61145-62900
OG0001703	PCFQ01000078.1 g1994 [Chlorella sp. A99]	QAXK01003602.1_34329-32576
OG0001704	PCFQ01000037.1 g2438 [Chlorella sp. A99]	QAXK01008991.1_236-2513
OG0001705	PCFQ01000018.1 g439 [Chlorella sp. A99]	QAXK01002478.1_7313-12188
OG0001708	PCFQ01000037.1 g2439 [Chlorella sp. A99]	QAXK01014303.1_4896-6584
OG0001709	PCFQ01000007.1 g1225 [Chlorella sp. A99]	QAXK01018148.1_4196-2780
OG0001712	PCFQ01000004.1 g2627 [Chlorella sp. A99]	QAXK01008136.1_3960-6111
OG0001713	PCFQ01000081.1 g1650 [Chlorella sp. A99]	QAXK01001137.1_1588-5821
OG0001715	PCFQ01000020.1 g922 [Chlorella sp. A99]	QAXK01004338.1_24179-21163
OG0001716	PCFQ01000037.1 g2358 [Chlorella sp. A99]	QAXK01000646.1_3437-2178
OG0001719	PCFQ01000005.1 g784 [Chlorella sp. A99]	QAXK01013811.1_5298-9155
OG0001724	PCFQ01000026.1 g2295 [Chlorella sp. A99]	QAXK01006565.1_2429-269
OG0001728	PCFQ01000004.1 g2618 [Chlorella sp. A99]	QAXK01001807.1_1026-15
OG0001729	PCFQ01000081.1 g1652 [Chlorella sp. A99]	QAXK01006338.1_1051-28
OG0001737	PCFQ01000007.1 g1232 [Chlorella sp. A99]	QAXK01014793.1_2710-905
OG0001743	PCFQ01000001.1 g967 [Chlorella sp. A99]	QAXK01001289.1_5327-2954
OG0001744	PCFQ01000007.1 g1231 [Chlorella sp. A99]	QAXK01016939.1_17085-19159
OG0001748	PCFQ01000078.1 g2043 [Chlorella sp. A99]	QAXK01007592.1_13848-10196
OG0001750	PCFQ01000015.1 g2972 [Chlorella sp. A99]	QAXK01018869.1_1324-446
OG0001751	PCFQ01000007.1 g1180 [Chlorella sp. A99]	QAXK01000276.1_2022-2543
OG0001756	PCFQ01000013.1 g3271 [Chlorella sp. A99]	QAXK01004906.1_9592-13569
OG0001760	PCFQ01000006.1 g3206 [Chlorella sp. A99]	QAXK01008046.1_15224-18152
OG0001763	PCFQ01000013.1 g3316 [Chlorella sp. A99]	QAXK01006402.1_6220-3948
OG0001770	PCFQ01000007.1 g1196 [Chlorella sp. A99]	QAXK01001922.1_7027-5313
OG0001778	PCFQ01000003.1 g1039 [Chlorella sp. A99]	QAXK01006312.1_5841-2543
OG0001780	PCFQ01000011.1 g2736 [Chlorella sp. A99]	QAXK01003072.1_7601-12066
OG0001783	PCFQ01000078.1 g2030 [Chlorella sp. A99]	QAXK01004723.1_8556-4882
OG0001788	PCFQ01000011.1 g2779 [Chlorella sp. A99]	QAXK01008099.1_16922-14889
OG0001790	PCFQ01000081.1 g1571 [Chlorella sp. A99]	QAXK01000362.1_13682-19843
OG0001792	PCFQ01000011.1 g2752 [Chlorella sp. A99]	QAXK01002348.1_22026-23431
OG0001794	PCFQ01000081.1 g1575 [Chlorella sp. A99]	QAXK01000643.1_10651-8242
OG0001801	PCFQ01000009.1 g1683 [Chlorella sp. A99]	QAXK01000208.1_37779-38874
OG0001806	PCFQ01000075.1 g1921 [Chlorella sp. A99]	QAXK01005447.1_6594-9151
OG0001812	PCFQ01000009.1 g1674 [Chlorella sp. A99]	QAXK01006399.1_9428-14604
OG0001813	PCFQ01000037.1 g2432 [Chlorella sp. A99]	QAXK01000513.1_11487-8211
OG0001818	PCFQ01000008.1 g1127 [Chlorella sp. A99]	QAXK01004132.1_4579-6060
OG0001821	PCFQ01000078.1 g2085 [Chlorella sp. A99]	QAXK01004177.1_17288-11319
OG0001824	PCFQ01000011.1 g2800 [Chlorella sp. A99]	QAXK01003744.1_2800-6411
OG0001826	PCFQ01000008.1 g1126 [Chlorella sp. A99]	QAXK01000105.1_5499-2693
OG0001837	PCFQ01000058.1 g147 [Chlorella sp. A99]	QAXK01000842.1_51041-53429
OG0001838	PCFQ01000079.1 g1264 [Chlorella sp. A99]	QAXK01003976.1_8556-3734
OG0001841	PCFQ01000003.1 g1018 [Chlorella sp. A99]	QAXK01000976.1_10766-5866
OG0001842	PCFQ01000007.1 g1207 [Chlorella sp. A99]	QAXK01006275.1_27485-25822
OG0001843	PCFQ01000037.1 g2447 [Chlorella sp. A99]	QAXK01004149.1_22375-24958
OG0001845	PCFQ01000011.1 g2874 [Chlorella sp. A99]	QAXK01001702.1_1666-273
OG0001847	PCFQ01000079.1 g1258 [Chlorella sp. A99]	QAXK01009311.1_428-2889
OG0001849	PCFQ01000058.1 g149 [Chlorella sp. A99]	QAXK01007671.1_6596-4238
OG0001855	PCFQ01000011.1 g2835 [Chlorella sp. A99]	QAXK01000335.1_27254-25603
OG0001856	PCFQ01000019.1 g1791 [Chlorella sp. A99]	QAXK01003506.1_17890-19170
OG0001857	PCFQ01000078.1 g2008 [Chlorella sp. A99]	QAXK01002176.1_5254-6169
OG0001858	PCFQ01000080.1 g1948 [Chlorella sp. A99]	QAXK01017983.1_2022-269
OG0001860	PCFQ01000080.1 g1950 [Chlorella sp. A99]	QAXK01000036.1_15496-18071
OG0001861	PCFQ01000079.1 g1485 [Chlorella sp. A99]	QAXK01001933.1_13708-11461
OG0001862	PCFQ01000037.1 g2508 [Chlorella sp. A99]	QAXK01002439.1_1431-31
OG0001863	PCFQ01000020.1 g914 [Chlorella sp. A99]	QAXK01000006.1_11270-7049
OG0001864	PCFQ01000020.1 g918 [Chlorella sp. A99]	QAXK01001807.1_30588-28596
OG0001867	PCFQ01000079.1 g1488 [Chlorella sp. A99]	QAXK01006658.1_2089-1110
OG0001868	PCFQ01000014.1 g1883 [Chlorella sp. A99]	QAXK01018034.1_4900-2264
OG0001869	PCFQ01000019.1 g1808 [Chlorella sp. A99], PCFQ01000049.1 g2287 [Chlorella sp. A99]	QAXK01002273.1_12619-10163
OG0001870	PCFQ01000005.1 g804 [Chlorella sp. A99]	QAXK01007444.1_11468-13953
OG0001871	PCFQ01000013.1 g3350 [Chlorella sp. A99]	QAXK01000027.1_14275-12645
OG0001874	PCFQ01000018.1 g459 [Chlorella sp. A99]	QAXK01002443.1_10680-7074
OG0001879	PCFQ01000020.1 g925 [Chlorella sp. A99]	QAXK01014786.1_3020-29
OG0001880	PCFQ01000019.1 g1813 [Chlorella sp. A99]	QAXK01014616.1_960-3765
OG0001883	PCFQ01000020.1 g917 [Chlorella sp. A99]	QAXK01000225.1_2559-365
OG0001887	PCFQ01000010.1 g361 [Chlorella sp. A99]	QAXK01004187.1_1760-33
OG0001888	PCFQ01000005.1 g749 [Chlorella sp. A99]	QAXK01016711.1_4152-7100
OG0001893	PCFQ01000079.1 g1461 [Chlorella sp. A99]	QAXK01002579.1_17292-15497
OG0001895	PCFQ01000078.1 g2214 [Chlorella sp. A99]	QAXK01016971.1_2990-681
OG0001900	PCFQ01000078.1 g2205 [Chlorella sp. A99]	QAXK01009399.1_423-2536
OG0001902	PCFQ01000078.1 g2216 [Chlorella sp. A99]	QAXK01008314.1_4813-7042
OG0001907	PCFQ01000042.1 g747 [Chlorella sp. A99]	QAXK01003345.1_36704-34696
OG0001911	PCFQ01000078.1 g2035 [Chlorella sp. A99]	QAXK01003378.1_5209-366
OG0001915	PCFQ01000037.1 g2493 [Chlorella sp. A99]	QAXK01004688.1_3441-5908
OG0001916	PCFQ01000005.1 g854 [Chlorella sp. A99]	QAXK01001344.1_15728-16873
OG0001917	PCFQ01000081.1 g1643 [Chlorella sp. A99]	QAXK01010657.1_2437-238
OG0001918	PCFQ01000058.1 g202 [Chlorella sp. A99]	QAXK01003671.1_14459-17304
OG0001919	PCFQ01000058.1 g237 [Chlorella sp. A99]	QAXK01001468.1_4935-8852
OG0001920	PCFQ01000058.1 g248 [Chlorella sp. A99]	QAXK01000770.1_6276-4831
OG0001921	PCFQ01000003.1 g1068 [Chlorella sp. A99]	QAXK01004635.1_12023-13891
OG0001922	PCFQ01000081.1 g1632 [Chlorella sp. A99]	QAXK01011133.1_12839-6837
OG0001928	PCFQ01000058.1 g257 [Chlorella sp. A99]	QAXK01003150.1_16472-17917
OG0001930	PCFQ01000003.1 g1042 [Chlorella sp. A99]	QAXK01003163.1_7337-4796
OG0001934	PCFQ01000002.1 g668 [Chlorella sp. A99]	QAXK01001681.1_35798-38541
OG0001935	PCFQ01000008.1 g1171 [Chlorella sp. A99]	QAXK01001208.1_4428-3497
OG0001936	PCFQ01000002.1 g731 [Chlorella sp. A99]	QAXK01000947.1_9658-8064
OG0001937	PCFQ01000058.1 g24 [Chlorella sp. A99]	QAXK01002895.1_11877-8991
OG0001938	PCFQ01000002.1 g735 [Chlorella sp. A99]	QAXK01006045.1_3548-5265
OG0001943	PCFQ01000058.1 g23 [Chlorella sp. A99]	QAXK01001495.1_35130-32135
OG0001945	PCFQ01000058.1 g67 [Chlorella sp. A99]	QAXK01006788.1_3504-1107
OG0001946	PCFQ01000058.1 g46 [Chlorella sp. A99]	QAXK01006196.1_6560-8156
OG0001947	PCFQ01000058.1 g70 [Chlorella sp. A99]	QAXK01001881.1_90892-88031
OG0001951	PCFQ01000008.1 g1147 [Chlorella sp. A99]	QAXK01010684.1_1460-556
OG0001952	PCFQ01000008.1 g1149 [Chlorella sp. A99]	QAXK01001616.1_0-2161
OG0001956	PCFQ01000011.1 g2807 [Chlorella sp. A99]	QAXK01004150.1_9770-14859
OG0001960	PCFQ01000082.1 g612 [Chlorella sp. A99]	QAXK01005538.1_9255-7797
OG0001961	PCFQ01000077.1 g1758 [Chlorella sp. A99]	QAXK01009093.1_4766-1793
OG0001967	PCFQ01000015.1 g3062 [Chlorella sp. A99]	QAXK01000446.1_47170-46172
OG0001969	PCFQ01000082.1 g520 [Chlorella sp. A99]	QAXK01002063.1_20394-18703
OG0001970	PCFQ01000078.1 g2161 [Chlorella sp. A99]	QAXK01001186.1_3380-493
OG0001973	PCFQ01000011.1 g2926 [Chlorella sp. A99]	QAXK01000335.1_27471-29404
OG0001979	PCFQ01000011.1 g2798 [Chlorella sp. A99]	QAXK01001265.1_1827-4399
OG0001980	PCFQ01000078.1 g2126 [Chlorella sp. A99]	QAXK01003309.1_3370-103
OG0001986	PCFQ01000079.1 g1401 [Chlorella sp. A99]	QAXK01000295.1_10054-5194
OG0001993	PCFQ01000037.1 g2360 [Chlorella sp. A99]	QAXK01002212.1_3400-1645
OG0001995	PCFQ01000075.1 g1944 [Chlorella sp. A99]	QAXK01014184.1_2136-4076
OG0001996	PCFQ01000006.1 g3164 [Chlorella sp. A99]	QAXK01001275.1_1545-3783
OG0002000	PCFQ01000058.1 g226 [Chlorella sp. A99]	QAXK01003280.1_21069-16498
OG0002001	PCFQ01000006.1 g3169 [Chlorella sp. A99]	QAXK01007038.1_3322-7876
OG0002003	PCFQ01000006.1 g3183 [Chlorella sp. A99]	QAXK01002652.1_3797-1393
OG0002004	PCFQ01000006.1 g3188 [Chlorella sp. A99]	QAXK01012829.1_4377-6139
OG0002005	PCFQ01000081.1 g1589 [Chlorella sp. A99]	QAXK01004007.1_7633-6740
OG0002006	PCFQ01000081.1 g1539 [Chlorella sp. A99]	QAXK01000137.1_21575-22932
OG0002007	PCFQ01000009.1 g1700 [Chlorella sp. A99]	QAXK01009439.1_10946-16439
OG0002008	PCFQ01000081.1 g1590 [Chlorella sp. A99]	QAXK01000685.1_2507-3830
OG0002011	PCFQ01000009.1 g1670 [Chlorella sp. A99]	QAXK01008697.1_3621-1
OG0002012	PCFQ01000078.1 g2156 [Chlorella sp. A99]	QAXK01008479.1_22-1572
OG0002013	PCFQ01000081.1 g1588 [Chlorella sp. A99]	QAXK01000704.1_865-2353
OG0002015	PCFQ01000037.1 g2385 [Chlorella sp. A99]	QAXK01001095.1_1607-5427
OG0002018	PCFQ01000078.1 g2015 [Chlorella sp. A99]	QAXK01000579.1_6879-2831
OG0002023	PCFQ01000058.1 g277 [Chlorella sp. A99]	QAXK01004467.1_4446-2978
OG0002024	PCFQ01000077.1 g1775 [Chlorella sp. A99]	QAXK01007476.1_6843-3464
OG0002026	PCFQ01000077.1 g1769 [Chlorella sp. A99]	QAXK01000116.1_15959-12419
OG0002027	PCFQ01000046.1 g1861 [Chlorella sp. A99]	QAXK01000153.1_10025-9224
OG0002028	PCFQ01000001.1 g993 [Chlorella sp. A99]	QAXK01001007.1_9576-3460
OG0002029	PCFQ01000078.1 g2188 [Chlorella sp. A99]	QAXK01001726.1_9416-10685
OG0002032	PCFQ01000079.1 g1476 [Chlorella sp. A99]	QAXK01018007.1_11683-5307
OG0002035	PCFQ01000058.1 g187 [Chlorella sp. A99]	QAXK01001162.1_4704-11654
OG0002040	PCFQ01000075.1 g1907 [Chlorella sp. A99]	QAXK01004862.1_20323-24029
OG0002043	PCFQ01000079.1 g1428 [Chlorella sp. A99]	QAXK01000495.1_11359-8819
OG0002046	PCFQ01000082.1 g560 [Chlorella sp. A99]	QAXK01003370.1_5253-2449
OG0002051	PCFQ01000007.1 g1235 [Chlorella sp. A99]	QAXK01005999.1_9988-12832
OG0002063	PCFQ01000010.1 g330 [Chlorella sp. A99]	QAXK01001387.1_26607-27895
OG0002072	PCFQ01000011.1 g2747 [Chlorella sp. A99]	QAXK01000401.1_8251-6577
OG0002074	PCFQ01000058.1 g89 [Chlorella sp. A99]	QAXK01005165.1_9870-10888
OG0002075	PCFQ01000058.1 g129 [Chlorella sp. A99]	QAXK01000112.1_21457-19158
OG0002080	PCFQ01000058.1 g176 [Chlorella sp. A99]	QAXK01005319.1_1852-5123
OG0002081	PCFQ01000082.1 g539 [Chlorella sp. A99]	QAXK01000024.1_6845-4701
OG0002082	PCFQ01000037.1 g2443 [Chlorella sp. A99]	QAXK01003767.1_15037-16578
OG0002088	PCFQ01000004.1 g2626 [Chlorella sp. A99]	QAXK01004430.1_4845-10525
OG0002090	PCFQ01000004.1 g2623 [Chlorella sp. A99]	QAXK01000004.1_10133-7859
OG0002092	PCFQ01000006.1 g3116 [Chlorella sp. A99]	QAXK01001415.1_8205-13561
OG0002095	PCFQ01000037.1 g2528 [Chlorella sp. A99]	QAXK01000224.1_15148-12485
OG0002103	PCFQ01000002.1 g700 [Chlorella sp. A99]	QAXK01000770.1_6581-10685
OG0002105	PCFQ01000037.1 g2536 [Chlorella sp. A99]	QAXK01018040.1_3609-5929
OG0002110	PCFQ01000015.1 g3001 [Chlorella sp. A99]	QAXK01007447.1_7916-1145
OG0002112	PCFQ01000008.1 g1096 [Chlorella sp. A99]	QAXK01015359.1_10390-8068
OG0002122	PCFQ01000078.1 g2137 [Chlorella sp. A99]	QAXK01010373.1_8651-6830
OG0002123	PCFQ01000078.1 g2119 [Chlorella sp. A99]	QAXK01000700.1_5491-3572
OG0002124	PCFQ01000008.1 g1164 [Chlorella sp. A99]	QAXK01004007.1_8647-10727
OG0002127	PCFQ01000081.1 g1629 [Chlorella sp. A99]	QAXK01001495.1_27698-29888
OG0002128	PCFQ01000018.1 g454 [Chlorella sp. A99]	QAXK01002518.1_56-2855
OG0002131	PCFQ01000018.1 g396 [Chlorella sp. A99]	QAXK01001894.1_15083-15978
OG0002138	PCFQ01000006.1 g3108 [Chlorella sp. A99]	QAXK01015692.1_7967-6370
OG0002139	PCFQ01000011.1 g2785 [Chlorella sp. A99]	QAXK01003183.1_18810-17365
OG0002141	PCFQ01000015.1 g2948 [Chlorella sp. A99]	QAXK01004474.1_7154-5648
OG0002144	PCFQ01000018.1 g466 [Chlorella sp. A99]	QAXK01000452.1_14665-16837
OG0002146	PCFQ01000078.1 g2088 [Chlorella sp. A99]	QAXK01014393.1_10002-7696
OG0002147	PCFQ01000006.1 g3138 [Chlorella sp. A99]	QAXK01000383.1_6224-8512
OG0002149	PCFQ01000037.1 g2405 [Chlorella sp. A99]	QAXK01007800.1_664-2473
OG0002153	PCFQ01000004.1 g2656 [Chlorella sp. A99]	QAXK01004231.1_9560-10863
OG0002158	PCFQ01000006.1 g3125 [Chlorella sp. A99]	QAXK01000427.1_69010-61523
OG0002159	PCFQ01000078.1 g2049 [Chlorella sp. A99]	QAXK01001947.1_6933-16171
OG0002161	PCFQ01000012.1 g1826 [Chlorella sp. A99]	QAXK01000667.1_5631-9231
OG0002162	PCFQ01000082.1 g596 [Chlorella sp. A99]	QAXK01001956.1_6721-5102
OG0002163	PCFQ01000078.1 g2068 [Chlorella sp. A99]	QAXK01000249.1_23024-26432
OG0002165	PCFQ01000015.1 g2949 [Chlorella sp. A99]	QAXK01004616.1_9420-16745
OG0002169	PCFQ01000037.1 g2386 [Chlorella sp. A99]	QAXK01012387.1_1585-757
OG0002171	PCFQ01000082.1 g572 [Chlorella sp. A99]	QAXK01000446.1_58269-64323
OG0002172	PCFQ01000079.1 g1285 [Chlorella sp. A99]	QAXK01012305.1_2510-4620
OG0002173	PCFQ01000079.1 g1291 [Chlorella sp. A99]	QAXK01000596.1_14630-16935
OG0002175	PCFQ01000082.1 g573 [Chlorella sp. A99]	QAXK01001681.1_26607-28630
OG0002177	PCFQ01000079.1 g1287 [Chlorella sp. A99]	QAXK01001458.1_24314-19030
OG0002180	PCFQ01000079.1 g1518 [Chlorella sp. A99]	QAXK01013408.1_2179-3352
OG0002181	PCFQ01000037.1 g2540 [Chlorella sp. A99]	QAXK01001085.1_14460-16185
OG0002182	PCFQ01000006.1 g3150 [Chlorella sp. A99]	QAXK01011403.1_8648-10184
OG0002185	PCFQ01000003.1 g1033 [Chlorella sp. A99]	QAXK01004305.1_1287-2625
OG0002194	PCFQ01000081.1 g1537 [Chlorella sp. A99]	QAXK01000283.1_35828-37170
OG0002195	PCFQ01000004.1 g2577 [Chlorella sp. A99]	QAXK01004230.1_16730-15188
OG0002201	PCFQ01000002.1 g683 [Chlorella sp. A99]	QAXK01010560.1_4646-7806
OG0002202	PCFQ01000006.1 g3204 [Chlorella sp. A99]	QAXK01015485.1_1487-4220
OG0002205	PCFQ01000037.1 g2485 [Chlorella sp. A99]	QAXK01006533.1_2359-4576
OG0002206	PCFQ01000012.1 g1836 [Chlorella sp. A99]	QAXK01001756.1_16985-18889
OG0002211	PCFQ01000078.1 g2105 [Chlorella sp. A99]	QAXK01002337.1_17192-14208
OG0002212	PCFQ01000008.1 g1108 [Chlorella sp. A99]	QAXK01004985.1_1921-3702
OG0002216	PCFQ01000002.1 g654 [Chlorella sp. A99]	QAXK01008333.1_5211-755
OG0002219	PCFQ01000073.1 g1976 [Chlorella sp. A99]	QAXK01000926.1_8546-11734
OG0002221	PCFQ01000002.1 g653 [Chlorella sp. A99]	QAXK01000669.1_13732-11344
OG0002223	PCFQ01000020.1 g945 [Chlorella sp. A99]	QAXK01002445.1_7314-8396
OG0002227	PCFQ01000058.1 g21 [Chlorella sp. A99]	QAXK01002658.1_19503-16448
OG0002228	PCFQ01000058.1 g20 [Chlorella sp. A99]	QAXK01005657.1_4133-2964
OG0002232	PCFQ01000008.1 g1170 [Chlorella sp. A99]	QAXK01003345.1_4291-6594
OG0002233	PCFQ01000020.1 g908 [Chlorella sp. A99]	QAXK01000437.1_11961-16259
OG0002235	PCFQ01000020.1 g912 [Chlorella sp. A99]	QAXK01001803.1_9702-7639
OG0002238	PCFQ01000013.1 g3302 [Chlorella sp. A99]	QAXK01001182.1_10605-8247
OG0002241	PCFQ01000073.1 g1978 [Chlorella sp. A99]	QAXK01018825.1_5368-4150
OG0002243	PCFQ01000079.1 g1533 [Chlorella sp. A99]	QAXK01000459.1_16579-20716
OG0002246	PCFQ01000015.1 g3068 [Chlorella sp. A99], PCFQ01000018.1 g413 [Chlorella sp. A99]	QAXK01004963.1_17662-16561
OG0002257	PCFQ01000018.1 g417 [Chlorella sp. A99]	QAXK01003840.1_2463-275
OG0002262	PCFQ01000005.1 g808 [Chlorella sp. A99]	QAXK01009985.1_8201-11435
OG0002280	PCFQ01000011.1 g2859 [Chlorella sp. A99]	QAXK01000180.1_9982-8131
OG0002282	PCFQ01000011.1 g2869 [Chlorella sp. A99]	QAXK01000502.1_36980-37941
OG0002367	PCFQ01000005.1 g857 [Chlorella sp. A99]	QAXK01000828.1_1794-5888
OG0002377	PCFQ01000015.1 g3091 [Chlorella sp. A99]	QAXK01000070.1_5006-2926
OG0002391	PCFQ01000079.1 g1353 [Chlorella sp. A99]	QAXK01001032.1_529-3021
OG0002398	PCFQ01000015.1 g3018 [Chlorella sp. A99]	QAXK01007630.1_3354-1779
OG0002404	PCFQ01000079.1 g1343 [Chlorella sp. A99]	QAXK01000840.1_31502-30180
OG0002421	PCFQ01000078.1 g1999 [Chlorella sp. A99]	QAXK01000019.1_127-3831
OG0002447	PCFQ01000037.1 g2344 [Chlorella sp. A99]	QAXK01011649.1_6227-2645
OG0002454	PCFQ01000078.1 g2202 [Chlorella sp. A99]	QAXK01017228.1_872-211
OG0002490	PCFQ01000006.1 g3225 [Chlorella sp. A99]	QAXK01005493.1_5709-8739
OG0002501	PCFQ01000006.1 g3218 [Chlorella sp. A99]	QAXK01015333.1_8887-6386
OG0002520	PCFQ01000011.1 g2777 [Chlorella sp. A99]	QAXK01004095.1_2354-706
OG0002524	PCFQ01000081.1 g1586 [Chlorella sp. A99]	QAXK01000577.1_7847-8807
OG0002550	PCFQ01000079.1 g1248 [Chlorella sp. A99]	QAXK01001082.1_16962-21149
OG0002561	PCFQ01000079.1 g1252 [Chlorella sp. A99]	QAXK01000325.1_52702-51360
OG0002575	PCFQ01000013.1 g3288 [Chlorella sp. A99]	QAXK01018811.1_5082-3547
OG0002588	PCFQ01000079.1 g1260 [Chlorella sp. A99]	QAXK01006532.1_11118-4758
OG0002613	PCFQ01000078.1 g2007 [Chlorella sp. A99]	QAXK01001336.1_4314-5769
OG0002642	PCFQ01000013.1 g3351 [Chlorella sp. A99]	QAXK01002348.1_6292-8730
OG0002654	PCFQ01000080.1 g1952 [Chlorella sp. A99]	QAXK01008540.1_14282-12509
OG0002656	PCFQ01000010.1 g360 [Chlorella sp. A99]	QAXK01008693.1_1704-2778
OG0002663	PCFQ01000079.1 g1459 [Chlorella sp. A99]	QAXK01005614.1_2666-5868
OG0002665	PCFQ01000020.1 g936 [Chlorella sp. A99]	QAXK01013120.1_9967-12816
OG0002690	PCFQ01000003.1 g1065 [Chlorella sp. A99]	QAXK01002281.1_18158-20087
OG0002716	PCFQ01000003.1 g1034 [Chlorella sp. A99]	QAXK01002299.1_25676-26628
OG0002729	PCFQ01000002.1 g662 [Chlorella sp. A99]	QAXK01006977.1_27647-33279
OG0002759	PCFQ01000078.1 g2138 [Chlorella sp. A99]	QAXK01007099.1_3453-8857
OG0002761	PCFQ01000078.1 g2158 [Chlorella sp. A99]	QAXK01001947.1_20720-25947
OG0002773	PCFQ01000015.1 g2958 [Chlorella sp. A99]	QAXK01017743.1_4283-978
OG0002777	PCFQ01000079.1 g1528 [Chlorella sp. A99]	QAXK01014000.1_19150-23189
OG0002778	PCFQ01000002.1 g720 [Chlorella sp. A99]	QAXK01002678.1_2058-278
OG0002799	PCFQ01000079.1 g1399 [Chlorella sp. A99]	QAXK01000454.1_923-1568
OG0002821	PCFQ01000058.1 g227 [Chlorella sp. A99]	QAXK01001240.1_4320-118
OG0002848	PCFQ01000046.1 g1864 [Chlorella sp. A99]	QAXK01011190.1_3792-5177
OG0002861	PCFQ01000015.1 g2942 [Chlorella sp. A99]	QAXK01000336.1_29701-28621
OG0002892	PCFQ01000082.1 g564 [Chlorella sp. A99]	QAXK01004675.1_1944-4753
OG0002898	PCFQ01000006.1 g3152 [Chlorella sp. A99]	QAXK01013787.1_6935-10103
OG0002927	PCFQ01000082.1 g524 [Chlorella sp. A99]	QAXK01012487.1_1571-2566
OG0002931	PCFQ01000004.1 g2622 [Chlorella sp. A99]	QAXK01009697.1_3987-6949
OG0002955	PCFQ01000011.1 g2750 [Chlorella sp. A99]	QAXK01003496.1_4117-1328
OG0002965	PCFQ01000002.1 g712 [Chlorella sp. A99]	QAXK01009311.1_5086-9550
OG0002969	PCFQ01000037.1 g2535 [Chlorella sp. A99]	QAXK01007111.1_9724-10631
OG0002974	PCFQ01000075.1 g1915 [Chlorella sp. A99]	QAXK01000635.1_9875-7571
OG0003011	PCFQ01000081.1 g1621 [Chlorella sp. A99]	QAXK01014149.1_4580-2650
OG0003017	PCFQ01000018.1 g470 [Chlorella sp. A99]	QAXK01001070.1_5974-4798
OG0003075	PCFQ01000058.1 g183 [Chlorella sp. A99]	QAXK01016351.1_22-2386
OG0003097	PCFQ01000002.1 g678 [Chlorella sp. A99]	QAXK01008899.1_16518-18484
OG0003111	PCFQ01000013.1 g3362 [Chlorella sp. A99]	QAXK01008798.1_739-2238
OG0003129	PCFQ01000006.1 g3224 [Chlorella sp. A99]	QAXK01002314.1_19744-18688
OG0003133	PCFQ01000058.1 g80 [Chlorella sp. A99]	QAXK01000525.1_12654-17162
OG0003137	PCFQ01000073.1 g1961 [Chlorella sp. A99]	QAXK01001082.1_3989-724
OG0003142	PCFQ01000058.1 g37 [Chlorella sp. A99]	QAXK01011367.1_1094-2688
OG0003151	PCFQ01000020.1 g892 [Chlorella sp. A99]	QAXK01010249.1_1617-3048
OG0003157	PCFQ01000001.1 g966 [Chlorella sp. A99]	QAXK01018936.1_2-1001
OG0003167	PCFQ01000020.1 g890 [Chlorella sp. A99]	QAXK01014051.1_13887-12133
OG0003172	PCFQ01000020.1 g907 [Chlorella sp. A99]	QAXK01000415.1_5823-6484
OG0003191	PCFQ01000018.1 g448 [Chlorella sp. A99]	QAXK01004389.1_4946-6334
OG0003196	PCFQ01000020.1 g867 [Chlorella sp. A99]	QAXK01000596.1_17342-21595
OG0003197	PCFQ01000020.1 g879 [Chlorella sp. A99]	QAXK01003298.1_5048-551
OG0003198	PCFQ01000020.1 g915 [Chlorella sp. A99]	QAXK01002898.1_4695-10345
OG0003204	PCFQ01000008.1 g1098 [Chlorella sp. A99]	QAXK01006378.1_2719-127
OG0003209	PCFQ01000079.1 g1498 [Chlorella sp. A99]	QAXK01011390.1_6757-10508
OG0003212	PCFQ01000009.1 g1714 [Chlorella sp. A99]	QAXK01003629.1_5946-3703
OG0003217	PCFQ01000078.1 g1989 [Chlorella sp. A99]	QAXK01017651.1_111-3535
OG0003218	PCFQ01000078.1 g2047 [Chlorella sp. A99]	QAXK01003131.1_36278-34367
OG0003219	PCFQ01000078.1 g2064 [Chlorella sp. A99]	QAXK01002499.1_5466-6313
OG0003220	PCFQ01000078.1 g2145 [Chlorella sp. A99]	QAXK01004108.1_13829-15654
OG0003226	PCFQ01000037.1 g2454 [Chlorella sp. A99]	QAXK01003220.1_8522-13953
OG0003227	PCFQ01000037.1 g2486 [Chlorella sp. A99]	QAXK01003375.1_5219-43
OG0003230	PCFQ01000025.1 g2566 [Chlorella sp. A99], PCFQ01000011.1 g2756 [Chlorella sp. A99]	QAXK01000382.1_1570-3458
OG0003235	PCFQ01000011.1 g2836 [Chlorella sp. A99]	QAXK01014478.1_11654-8522
OG0003239	PCFQ01000015.1 g3058 [Chlorella sp. A99]	QAXK01009911.1_3900-1880
OG0003243	PCFQ01000006.1 g3148 [Chlorella sp. A99]	QAXK01012462.1_308-2720
OG0003245	PCFQ01000013.1 g3293 [Chlorella sp. A99]	QAXK01014831.1_1377-156
OG0003452	PCFQ01000005.1 g862 [Chlorella sp. A99]	QAXK01012596.1_9132-5856
OG0003462	PCFQ01000006.1 g3241 [Chlorella sp. A99]	QAXK01004703.1_12039-13879
OG0003540	PCFQ01000018.1 g433 [Chlorella sp. A99]	QAXK01001088.1_16015-14943
OG0003568	PCFQ01000011.1 g2913 [Chlorella sp. A99]	QAXK01002228.1_1968-3201
OG0003598	PCFQ01000013.1 g3347 [Chlorella sp. A99]	QAXK01002968.1_5239-542
OG0003625	PCFQ01000010.1 g363 [Chlorella sp. A99]	QAXK01001997.1_7467-5438
OG0003671	PCFQ01000058.1 g207 [Chlorella sp. A99]	QAXK01000459.1_9787-9028
OG0003813	PCFQ01000018.1 g425 [Chlorella sp. A99]	QAXK01000036.1_13891-8955
OG0003838	PCFQ01000082.1 g570 [Chlorella sp. A99]	QAXK01001081.1_3765-5510
OG0003904	PCFQ01000073.1 g1968 [Chlorella sp. A99]	QAXK01003852.1_2138-563
OG0003964	PCFQ01000027.1 g2720 [Chlorella sp. A99]	QAXK01001551.1_63875-64499
OG0004119	PCFQ01000018.1 g397 [Chlorella sp. A99]	QAXK01011975.1_26427-25164
OG0004127	PCFQ01000002.1 g692 [Chlorella sp. A99]	QAXK01002477.1_12495-11499
OG0004131	PCFQ01000020.1 g868 [Chlorella sp. A99]	QAXK01008931.1_8768-10630
OG0004161	PCFQ01000019.1 g1792 [Chlorella sp. A99]	QAXK01003741.1_3586-2152
OG0004173	PCFQ01000078.1 g2066 [Chlorella sp. A99]	QAXK01003131.1_14822-17632
OG0004184	PCFQ01000037.1 g2473 [Chlorella sp. A99]	QAXK01001360.1_2587-7675
OG0004188	PCFQ01000004.1 g2679 [Chlorella sp. A99]	QAXK01000965.1_13792-15638
OG0004195	PCFQ01000011.1 g2848 [Chlorella sp. A99]	QAXK01002159.1_9033-7570
OG0004901	PCFQ01000079.1 g1373 [Chlorella sp. A99]	QAXK01003939.1_11405-12434
OG0004922	PCFQ01000037.1 g2460 [Chlorella sp. A99]	QAXK01009836.1_3189-307
